"국가별",2018,2018,2018,2018,2019,2019,2019,2019,2020,2020,2020,2020
"국가별",연간 인구증가율,0~14세 인구 구성비,15~64세 인구 구성비,65세이상 인구 구성비,연간 인구증가율,0~14세 인구 구성비,15~64세 인구 구성비,65세이상 인구 구성비,연간 인구증가율,0~14세 인구 구성비,15~64세 인구 구성비,65세이상 인구 구성비
"아프가니스탄",2.384 (annual %),43.090 (% of total),54.325 (% of total),2.585 (% of total),2.313 (annual %),42.472 (% of total),54.912 (% of total),2.616 (% of total),2.304 (annual %),41.823 (% of total),55.528 (% of total),2.649 (% of total)
"알바니아",-0.247 (annual %),17.673 (% of total),68.582 (% of total),13.745 (% of total),-0.426 (annual %),17.400 (% of total),68.398 (% of total),14.203 (% of total),-0.578 (annual %),17.236 (% of total),68.060 (% of total),14.705 (% of total)
"알제리",2.007 (annual %),30.149 (% of total),63.489 (% of total),6.363 (% of total),1.934 (annual %),30.550 (% of total),62.897 (% of total),6.553 (% of total),1.837 (annual %),30.784 (% of total),62.474 (% of total),6.743 (% of total)
"미국령사모아",-0.281 (annual %),-,-,-,-0.269 (annual %),-,-,-,-0.208 (annual %),-,-,-
"안도라",0.014 (annual %),-,-,-,0.179 (annual %),-,-,-,0.154 (annual %),-,-,-
"앙골라",3.276 (annual %),46.809 (% of total),50.975 (% of total),2.216 (% of total),3.243 (annual %),46.622 (% of total),51.179 (% of total),2.199 (% of total),3.219 (annual %),46.395 (% of total),51.413 (% of total),2.191 (% of total)
"앤티가바부다",0.894 (annual %),22.081 (% of total),69.119 (% of total),8.800 (% of total),0.861 (annual %),21.955 (% of total),68.990 (% of total),9.055 (% of total),0.834 (annual %),21.851 (% of total),68.817 (% of total),9.332 (% of total)
"아르헨티나",1.016 (annual %),24.761 (% of total),64.121 (% of total),11.118 (% of total),0.993 (annual %),24.596 (% of total),64.161 (% of total),11.243 (% of total),0.970 (annual %),24.435 (% of total),64.198 (% of total),11.367 (% of total)
"아르메니아",0.236 (annual %),20.633 (% of total),68.113 (% of total),11.254 (% of total),0.203 (annual %),20.766 (% of total),67.750 (% of total),11.484 (% of total),0.186 (annual %),20.832 (% of total),67.365 (% of total),11.803 (% of total)
"아루바",0.459 (annual %),17.802 (% of total),68.647 (% of total),13.551 (% of total),0.437 (annual %),17.620 (% of total),68.321 (% of total),14.058 (% of total),0.428 (annual %),17.382 (% of total),68.012 (% of total),14.606 (% of total)
"오스트레일리아",1.536 (annual %),19.191 (% of total),65.153 (% of total),15.656 (% of total),1.522 (annual %),19.275 (% of total),64.803 (% of total),15.921 (% of total),1.259 (annual %),19.292 (% of total),64.495 (% of total),16.213 (% of total)
"오스트리아",0.487 (annual %),14.298 (% of total),66.700 (% of total),19.002 (% of total),0.445 (annual %),14.362 (% of total),66.563 (% of total),19.076 (% of total),0.419 (annual %),14.412 (% of total),66.384 (% of total),19.204 (% of total)
"아제르바이잔",0.866 (annual %),23.370 (% of total),70.435 (% of total),6.195 (% of total),0.847 (annual %),23.442 (% of total),70.112 (% of total),6.446 (% of total),0.853 (annual %),23.515 (% of total),69.743 (% of total),6.742 (% of total)
"바하마",1.013 (annual %),22.485 (% of total),70.258 (% of total),7.258 (% of total),0.994 (annual %),22.076 (% of total),70.441 (% of total),7.483 (% of total),0.961 (annual %),21.601 (% of total),70.651 (% of total),7.748 (% of total)
"바레인",4.921 (annual %),19.254 (% of total),78.319 (% of total),2.426 (% of total),4.469 (annual %),18.719 (% of total),78.762 (% of total),2.519 (% of total),3.615 (annual %),18.282 (% of total),79.066 (% of total),2.651 (% of total)
"방글라데시",1.054 (annual %),27.706 (% of total),67.136 (% of total),5.158 (% of total),1.029 (annual %),27.214 (% of total),67.605 (% of total),5.180 (% of total),1.003 (annual %),26.755 (% of total),68.018 (% of total),5.227 (% of total)
"바베이도스",0.143 (annual %),17.343 (% of total),66.854 (% of total),15.803 (% of total),0.133 (annual %),17.050 (% of total),66.719 (% of total),16.231 (% of total),0.122 (annual %),16.760 (% of total),66.537 (% of total),16.702 (% of total)
"벨라루스",-0.156 (annual %),16.866 (% of total),68.289 (% of total),14.845 (% of total),-0.695 (annual %),17.036 (% of total),67.763 (% of total),15.201 (% of total),-0.202 (annual %),17.240 (% of total),67.179 (% of total),15.580 (% of total)
"벨기에",0.455 (annual %),17.055 (% of total),64.156 (% of total),18.789 (% of total),0.540 (annual %),17.058 (% of total),63.935 (% of total),19.007 (% of total),0.582 (annual %),17.034 (% of total),63.712 (% of total),19.254 (% of total)
"벨리즈",1.923 (annual %),30.280 (% of total),64.984 (% of total),4.736 (% of total),1.883 (annual %),29.704 (% of total),65.428 (% of total),4.867 (% of total),1.845 (annual %),29.199 (% of total),65.792 (% of total),5.008 (% of total)
"베냉",2.735 (annual %),42.448 (% of total),54.299 (% of total),3.254 (% of total),2.715 (annual %),42.206 (% of total),54.530 (% of total),3.265 (% of total),2.692 (annual %),41.945 (% of total),54.777 (% of total),3.278 (% of total)
"버뮤다",0.072 (annual %),-,-,-,-0.009 (annual %),-,-,-,-0.016 (annual %),-,-,-
"부탄",1.178 (annual %),25.771 (% of total),68.226 (% of total),6.003 (% of total),1.146 (annual %),25.340 (% of total),68.567 (% of total),6.093 (% of total),1.110 (annual %),24.895 (% of total),68.901 (% of total),6.205 (% of total)
"볼리비아",1.422 (annual %),31.074 (% of total),61.735 (% of total),7.192 (% of total),1.399 (annual %),30.625 (% of total),62.036 (% of total),7.339 (% of total),1.380 (annual %),30.203 (% of total),62.310 (% of total),7.487 (% of total)
"보스니아-헤르체고비나",-0.827 (annual %),14.766 (% of total),68.763 (% of total),16.470 (% of total),-0.692 (annual %),14.694 (% of total),68.105 (% of total),17.201 (% of total),-0.613 (annual %),14.522 (% of total),67.562 (% of total),17.916 (% of total)
"보츠와나",2.197 (annual %),34.113 (% of total),61.663 (% of total),4.224 (% of total),2.178 (annual %),33.765 (% of total),61.869 (% of total),4.366 (% of total),2.059 (annual %),33.404 (% of total),62.084 (% of total),4.512 (% of total)
"브라질",0.784 (annual %),21.334 (% of total),69.743 (% of total),8.923 (% of total),0.752 (annual %),21.009 (% of total),69.739 (% of total),9.252 (% of total),0.713 (annual %),20.709 (% of total),69.699 (% of total),9.592 (% of total)
"브루나이",1.050 (annual %),23.026 (% of total),72.100 (% of total),4.873 (% of total),1.006 (annual %),22.617 (% of total),72.175 (% of total),5.209 (% of total),0.962 (annual %),22.324 (% of total),72.106 (% of total),5.570 (% of total)
"불가리아",-0.722 (annual %),14.595 (% of total),64.383 (% of total),21.022 (% of total),-0.704 (annual %),14.685 (% of total),64.062 (% of total),21.253 (% of total),-0.697 (annual %),14.679 (% of total),63.853 (% of total),21.468 (% of total)
"부르키나파소",2.867 (annual %),44.948 (% of total),52.645 (% of total),2.407 (% of total),2.845 (annual %),44.678 (% of total),52.915 (% of total),2.407 (% of total),2.823 (annual %),44.370 (% of total),53.219 (% of total),2.411 (% of total)
"부룬디",3.167 (annual %),45.502 (% of total),52.251 (% of total),2.247 (% of total),3.129 (annual %),45.401 (% of total),52.287 (% of total),2.312 (% of total),3.076 (annual %),45.252 (% of total),52.368 (% of total),2.380 (% of total)
"캄보디아",1.490 (annual %),31.201 (% of total),64.230 (% of total),4.569 (% of total),1.446 (annual %),31.099 (% of total),64.183 (% of total),4.718 (% of total),1.400 (annual %),30.925 (% of total),64.222 (% of total),4.853 (% of total)
"카메룬",2.612 (annual %),42.632 (% of total),54.640 (% of total),2.729 (% of total),2.584 (annual %),42.362 (% of total),54.914 (% of total),2.724 (% of total),2.554 (annual %),42.064 (% of total),55.220 (% of total),2.716 (% of total)
"캐나다",1.413 (annual %),15.870 (% of total),66.898 (% of total),17.232 (% of total),1.415 (annual %),15.846 (% of total),66.506 (% of total),17.648 (% of total),1.090 (annual %),15.775 (% of total),66.120 (% of total),18.104 (% of total)
"카보베르데",1.159 (annual %),28.778 (% of total),66.613 (% of total),4.609 (% of total),1.129 (annual %),28.406 (% of total),66.895 (% of total),4.698 (% of total),1.094 (annual %),28.082 (% of total),67.133 (% of total),4.786 (% of total)
"케이맨제도",1.239 (annual %),-,-,-,1.202 (annual %),-,-,-,1.182 (annual %),-,-,-
"중앙아프리카공화국",1.519 (annual %),44.294 (% of total),52.880 (% of total),2.826 (% of total),1.675 (annual %),43.920 (% of total),53.265 (% of total),2.815 (% of total),1.767 (annual %),43.542 (% of total),53.660 (% of total),2.798 (% of total)
"차드",3.024 (annual %),47.126 (% of total),50.393 (% of total),2.481 (% of total),2.986 (annual %),46.821 (% of total),50.687 (% of total),2.492 (% of total),2.959 (annual %),46.490 (% of total),51.011 (% of total),2.499 (% of total)
"샤넬군도",1.079 (annual %),15.188 (% of total),67.514 (% of total),17.297 (% of total),1.032 (annual %),15.067 (% of total),67.331 (% of total),17.601 (% of total),0.922 (annual %),14.974 (% of total),67.110 (% of total),17.916 (% of total)
"칠레",1.391 (annual %),19.754 (% of total),68.716 (% of total),11.530 (% of total),1.183 (annual %),19.494 (% of total),68.624 (% of total),11.882 (% of total),0.863 (annual %),19.239 (% of total),68.519 (% of total),12.243 (% of total)
"중국",0.456 (annual %),17.877 (% of total),71.202 (% of total),10.921 (% of total),0.357 (annual %),17.805 (% of total),70.723 (% of total),11.472 (% of total),0.314 (annual %),17.712 (% of total),70.320 (% of total),11.968 (% of total)
"홍콩",0.799 (annual %),11.901 (% of total),71.224 (% of total),16.875 (% of total),0.754 (annual %),12.327 (% of total),70.175 (% of total),17.498 (% of total),-0.342 (annual %),12.672 (% of total),69.131 (% of total),18.197 (% of total)
"콜롬비아",1.524 (annual %),23.078 (% of total),68.444 (% of total),8.478 (% of total),1.357 (annual %),22.621 (% of total),68.613 (% of total),8.766 (% of total),1.074 (annual %),22.184 (% of total),68.756 (% of total),9.061 (% of total)
"코모로",2.239 (annual %),39.538 (% of total),57.455 (% of total),3.007 (% of total),2.206 (annual %),39.286 (% of total),57.659 (% of total),3.055 (% of total),2.174 (annual %),39.020 (% of total),57.874 (% of total),3.106 (% of total)
"콩고민주공화국",3.227 (annual %),46.166 (% of total),50.817 (% of total),3.018 (% of total),3.187 (annual %),46.001 (% of total),50.982 (% of total),3.017 (% of total),3.143 (annual %),45.795 (% of total),51.186 (% of total),3.019 (% of total)
"콩고",2.582 (annual %),41.764 (% of total),55.555 (% of total),2.682 (% of total),2.563 (annual %),41.537 (% of total),55.741 (% of total),2.721 (% of total),2.525 (annual %),41.270 (% of total),55.967 (% of total),2.763 (% of total)
"코스타리카",0.995 (annual %),21.325 (% of total),69.125 (% of total),9.550 (% of total),0.958 (annual %),21.079 (% of total),69.041 (% of total),9.880 (% of total),0.918 (annual %),20.828 (% of total),68.919 (% of total),10.253 (% of total)
"코트디부아르",2.552 (annual %),41.937 (% of total),55.204 (% of total),2.859 (% of total),2.549 (annual %),41.715 (% of total),55.412 (% of total),2.873 (% of total),2.541 (annual %),41.508 (% of total),55.609 (% of total),2.883 (% of total)
"크로아티아",-0.893 (annual %),14.512 (% of total),65.043 (% of total),20.445 (% of total),-0.554 (annual %),14.562 (% of total),64.578 (% of total),20.860 (% of total),-0.445 (annual %),14.542 (% of total),64.206 (% of total),21.252 (% of total)
"쿠바",-0.010 (annual %),16.211 (% of total),68.603 (% of total),15.186 (% of total),-0.041 (annual %),16.042 (% of total),68.393 (% of total),15.565 (% of total),-0.061 (annual %),15.921 (% of total),68.186 (% of total),15.893 (% of total)
"키프로스",0.809 (annual %),16.788 (% of total),69.493 (% of total),13.719 (% of total),0.780 (annual %),16.707 (% of total),69.245 (% of total),14.048 (% of total),0.730 (annual %),16.577 (% of total),69.014 (% of total),14.409 (% of total)
"체코",0.334 (annual %),15.587 (% of total),64.993 (% of total),19.421 (% of total),0.394 (annual %),15.723 (% of total),64.476 (% of total),19.801 (% of total),0.253 (annual %),15.756 (% of total),64.101 (% of total),20.143 (% of total)
"덴마크",0.496 (annual %),16.458 (% of total),63.729 (% of total),19.813 (% of total),0.358 (annual %),16.401 (% of total),63.634 (% of total),19.965 (% of total),0.292 (annual %),16.282 (% of total),63.554 (% of total),20.164 (% of total)
"지부티",1.558 (annual %),29.574 (% of total),65.898 (% of total),4.528 (% of total),1.515 (annual %),29.205 (% of total),66.186 (% of total),4.609 (% of total),1.473 (annual %),28.912 (% of total),66.381 (% of total),4.706 (% of total)
"도미니카연방",0.232 (annual %),-,-,-,0.254 (annual %),-,-,-,0.255 (annual %),-,-,-
"도미니카공화국",1.079 (annual %),27.977 (% of total),64.940 (% of total),7.083 (% of total),1.047 (annual %),27.709 (% of total),64.993 (% of total),7.298 (% of total),1.009 (annual %),27.439 (% of total),65.033 (% of total),7.528 (% of total)
"에콰도르",1.766 (annual %),28.029 (% of total),64.814 (% of total),7.157 (% of total),1.679 (annual %),27.707 (% of total),64.921 (% of total),7.372 (% of total),1.539 (annual %),27.392 (% of total),65.017 (% of total),7.591 (% of total)
"이집트",2.033 (annual %),33.799 (% of total),60.972 (% of total),5.230 (% of total),1.976 (annual %),33.835 (% of total),60.889 (% of total),5.276 (% of total),1.920 (annual %),33.921 (% of total),60.747 (% of total),5.332 (% of total)
"엘살바도르",0.509 (annual %),27.132 (% of total),64.581 (% of total),8.287 (% of total),0.510 (annual %),26.858 (% of total),64.672 (% of total),8.470 (% of total),0.505 (annual %),26.591 (% of total),64.758 (% of total),8.651 (% of total)
"적도기니",3.653 (annual %),37.117 (% of total),60.426 (% of total),2.458 (% of total),3.529 (annual %),36.957 (% of total),60.619 (% of total),2.425 (% of total),3.408 (annual %),36.779 (% of total),60.839 (% of total),2.381 (% of total)
"에스토니아",0.348 (annual %),16.357 (% of total),64.017 (% of total),19.626 (% of total),0.372 (annual %),16.463 (% of total),63.545 (% of total),19.992 (% of total),0.313 (annual %),16.498 (% of total),63.129 (% of total),20.373 (% of total)
"에티오피아",2.620 (annual %),40.783 (% of total),55.716 (% of total),3.501 (% of total),2.580 (annual %),40.336 (% of total),56.147 (% of total),3.517 (% of total),2.541 (annual %),39.918 (% of total),56.545 (% of total),3.537 (% of total)
"페로제도",0.353 (annual %),-,-,-,0.370 (annual %),-,-,-,0.385 (annual %),-,-,-
"피지",0.685 (annual %),29.513 (% of total),65.038 (% of total),5.450 (% of total),0.729 (annual %),29.294 (% of total),65.082 (% of total),5.624 (% of total),0.726 (annual %),29.011 (% of total),65.171 (% of total),5.817 (% of total)
"핀란드",0.133 (annual %),16.145 (% of total),62.134 (% of total),21.721 (% of total),0.110 (annual %),16.016 (% of total),61.843 (% of total),22.141 (% of total),0.165 (annual %),15.865 (% of total),61.580 (% of total),22.554 (% of total)
"프랑스",0.274 (annual %),17.956 (% of total),62.009 (% of total),20.035 (% of total),0.219 (annual %),17.802 (% of total),61.806 (% of total),20.391 (% of total),0.212 (annual %),17.654 (% of total),61.593 (% of total),20.753 (% of total)
"프랑스령폴리네시아",0.565 (annual %),22.762 (% of total),68.948 (% of total),8.291 (% of total),0.579 (annual %),22.564 (% of total),68.755 (% of total),8.681 (% of total),0.578 (annual %),22.223 (% of total),68.708 (% of total),9.068 (% of total)
"가봉",2.603 (annual %),37.026 (% of total),59.410 (% of total),3.564 (% of total),2.484 (annual %),37.180 (% of total),59.276 (% of total),3.545 (% of total),2.417 (annual %),37.264 (% of total),59.207 (% of total),3.529 (% of total)
"감비아",2.946 (annual %),44.269 (% of total),53.141 (% of total),2.590 (% of total),2.922 (annual %),44.127 (% of total),53.312 (% of total),2.561 (% of total),2.895 (annual %),43.950 (% of total),53.519 (% of total),2.531 (% of total)
"조지아",-0.039 (annual %),19.795 (% of total),65.339 (% of total),14.865 (% of total),-0.172 (annual %),20.031 (% of total),64.908 (% of total),15.061 (% of total),-0.166 (annual %),20.220 (% of total),64.526 (% of total),15.253 (% of total)
"독일",0.301 (annual %),13.621 (% of total),64.917 (% of total),21.462 (% of total),0.226 (annual %),13.799 (% of total),64.638 (% of total),21.563 (% of total),0.177 (annual %),13.956 (% of total),64.357 (% of total),21.687 (% of total)
"가나",2.193 (annual %),37.596 (% of total),59.335 (% of total),3.069 (% of total),2.163 (annual %),37.365 (% of total),59.538 (% of total),3.097 (% of total),2.131 (annual %),37.131 (% of total),59.728 (% of total),3.140 (% of total)
"그리스",-0.203 (annual %),14.071 (% of total),64.273 (% of total),21.655 (% of total),-0.105 (annual %),13.897 (% of total),64.162 (% of total),21.941 (% of total),-0.056 (annual %),13.656 (% of total),64.060 (% of total),22.284 (% of total)
"그린란드",-0.266 (annual %),-,-,-,0.360 (annual %),-,-,-,0.252 (annual %),-,-,-
"그레나다",0.517 (annual %),23.561 (% of total),66.817 (% of total),9.622 (% of total),0.495 (annual %),23.717 (% of total),66.605 (% of total),9.677 (% of total),0.461 (annual %),23.776 (% of total),66.431 (% of total),9.793 (% of total)
"괌",0.902 (annual %),24.464 (% of total),65.686 (% of total),9.850 (% of total),0.916 (annual %),24.134 (% of total),65.676 (% of total),10.190 (% of total),0.886 (annual %),23.860 (% of total),65.606 (% of total),10.534 (% of total)
"과테말라",1.600 (annual %),34.435 (% of total),60.753 (% of total),4.812 (% of total),1.560 (annual %),33.859 (% of total),61.212 (% of total),4.929 (% of total),1.520 (annual %),33.342 (% of total),61.616 (% of total),5.042 (% of total)
"기니",2.833 (annual %),43.850 (% of total),53.224 (% of total),2.926 (% of total),2.835 (annual %),43.450 (% of total),53.608 (% of total),2.942 (% of total),2.792 (annual %),43.049 (% of total),53.999 (% of total),2.952 (% of total)
"기니비사우",2.494 (annual %),42.339 (% of total),54.837 (% of total),2.824 (% of total),2.457 (annual %),42.154 (% of total),54.983 (% of total),2.863 (% of total),2.421 (annual %),41.927 (% of total),55.187 (% of total),2.886 (% of total)
"가이아나",0.488 (annual %),28.215 (% of total),65.335 (% of total),6.450 (% of total),0.483 (annual %),27.930 (% of total),65.358 (% of total),6.712 (% of total),0.482 (annual %),27.732 (% of total),65.269 (% of total),7.000 (% of total)
"아이티",1.274 (annual %),33.242 (% of total),61.808 (% of total),4.949 (% of total),1.250 (annual %),32.859 (% of total),62.078 (% of total),5.064 (% of total),1.231 (annual %),32.474 (% of total),62.351 (% of total),5.175 (% of total)
"온두라스",1.667 (annual %),31.741 (% of total),63.569 (% of total),4.691 (% of total),1.641 (annual %),31.159 (% of total),64.012 (% of total),4.828 (% of total),1.613 (annual %),30.588 (% of total),64.439 (% of total),4.973 (% of total)
"헝가리",-0.127 (annual %),14.412 (% of total),66.430 (% of total),19.158 (% of total),-0.045 (annual %),14.433 (% of total),65.872 (% of total),19.694 (% of total),-0.219 (annual %),14.409 (% of total),65.428 (% of total),20.163 (% of total)
"아이슬란드",2.678 (annual %),19.832 (% of total),65.373 (% of total),14.795 (% of total),2.199 (annual %),19.647 (% of total),65.161 (% of total),15.192 (% of total),1.613 (annual %),19.424 (% of total),64.954 (% of total),15.622 (% of total)
"인도",1.038 (annual %),27.053 (% of total),66.767 (% of total),6.180 (% of total),1.013 (annual %),26.618 (% of total),67.004 (% of total),6.378 (% of total),0.989 (annual %),26.161 (% of total),67.266 (% of total),6.574 (% of total)
"인도네시아",1.135 (annual %),26.551 (% of total),67.592 (% of total),5.857 (% of total),1.098 (annual %),26.215 (% of total),67.735 (% of total),6.050 (% of total),1.065 (annual %),25.936 (% of total),67.801 (% of total),6.263 (% of total)
"이란",1.386 (annual %),24.477 (% of total),69.339 (% of total),6.185 (% of total),1.352 (annual %),24.655 (% of total),68.987 (% of total),6.359 (% of total),1.293 (annual %),24.745 (% of total),68.691 (% of total),6.564 (% of total)
"이라크",2.318 (annual %),38.387 (% of total),58.290 (% of total),3.324 (% of total),2.254 (annual %),38.021 (% of total),58.581 (% of total),3.399 (% of total),2.295 (annual %),37.714 (% of total),58.844 (% of total),3.443 (% of total)
"아일랜드",1.239 (annual %),21.406 (% of total),64.728 (% of total),13.866 (% of total),1.368 (annual %),21.150 (% of total),64.627 (% of total),14.223 (% of total),1.216 (annual %),20.832 (% of total),64.590 (% of total),14.578 (% of total)
"이스라엘",1.927 (annual %),27.925 (% of total),60.098 (% of total),11.977 (% of total),1.909 (annual %),27.886 (% of total),59.906 (% of total),12.209 (% of total),1.783 (annual %),27.828 (% of total),59.757 (% of total),12.414 (% of total)
"이탈리아",-0.190 (annual %),13.329 (% of total),63.919 (% of total),22.752 (% of total),-1.153 (annual %),13.167 (% of total),63.821 (% of total),23.012 (% of total),-0.294 (annual %),12.987 (% of total),63.711 (% of total),23.302 (% of total)
"자메이카",0.478 (annual %),23.750 (% of total),67.453 (% of total),8.797 (% of total),0.456 (annual %),23.531 (% of total),67.546 (% of total),8.922 (% of total),0.436 (annual %),23.358 (% of total),67.564 (% of total),9.078 (% of total)
"일본",-0.203 (annual %),12.697 (% of total),59.727 (% of total),27.576 (% of total),-0.209 (annual %),12.573 (% of total),59.425 (% of total),28.002 (% of total),-0.340 (annual %),12.449 (% of total),59.154 (% of total),28.397 (% of total)
"요르단",1.817 (annual %),34.245 (% of total),61.908 (% of total),3.846 (% of total),1.359 (annual %),33.562 (% of total),62.544 (% of total),3.893 (% of total),0.999 (annual %),32.854 (% of total),63.192 (% of total),3.954 (% of total)
"카자흐스탄",1.315 (annual %),28.461 (% of total),64.148 (% of total),7.392 (% of total),1.290 (annual %),28.881 (% of total),63.466 (% of total),7.652 (% of total),1.292 (annual %),29.144 (% of total),62.953 (% of total),7.903 (% of total)
"케냐",2.306 (annual %),39.782 (% of total),57.879 (% of total),2.339 (% of total),2.273 (annual %),39.193 (% of total),58.383 (% of total),2.424 (% of total),2.252 (annual %),38.590 (% of total),58.901 (% of total),2.509 (% of total)
"키리바시",1.469 (annual %),35.540 (% of total),60.507 (% of total),3.953 (% of total),1.513 (annual %),35.838 (% of total),60.079 (% of total),4.082 (% of total),1.551 (annual %),35.917 (% of total),59.868 (% of total),4.215 (% of total)
"북한",0.470 (annual %),20.202 (% of total),70.463 (% of total),9.335 (% of total),0.455 (annual %),19.993 (% of total),70.749 (% of total),9.258 (% of total),0.438 (annual %),19.843 (% of total),70.808 (% of total),9.349 (% of total)
"한국",0.475 (annual %),12.973 (% of total),72.608 (% of total),14.419 (% of total),0.198 (annual %),12.746 (% of total),72.193 (% of total),15.060 (% of total),0.138 (annual %),12.543 (% of total),71.666 (% of total),15.791 (% of total)
"쿠웨이트",1.982 (annual %),21.539 (% of total),75.911 (% of total),2.550 (% of total),1.672 (annual %),21.570 (% of total),75.666 (% of total),2.764 (% of total),1.498 (annual %),21.462 (% of total),75.502 (% of total),3.036 (% of total)
"키르기스스탄",1.990 (annual %),32.350 (% of total),63.155 (% of total),4.495 (% of total),2.088 (annual %),32.502 (% of total),62.898 (% of total),4.600 (% of total),2.076 (annual %),32.649 (% of total),62.623 (% of total),4.728 (% of total)
"라오스",1.548 (annual %),32.604 (% of total),63.321 (% of total),4.075 (% of total),1.517 (annual %),32.303 (% of total),63.533 (% of total),4.164 (% of total),1.469 (annual %),31.947 (% of total),63.794 (% of total),4.259 (% of total)
"라트비아",-0.779 (annual %),15.996 (% of total),63.961 (% of total),20.044 (% of total),-0.695 (annual %),16.308 (% of total),63.356 (% of total),20.337 (% of total),-0.643 (annual %),16.432 (% of total),62.881 (% of total),20.687 (% of total)
"레바논",0.585 (annual %),26.096 (% of total),66.902 (% of total),7.002 (% of total),-0.054 (annual %),25.572 (% of total),67.154 (% of total),7.273 (% of total),-0.442 (annual %),25.069 (% of total),67.382 (% of total),7.549 (% of total)
"레소토",0.800 (annual %),32.716 (% of total),62.383 (% of total),4.901 (% of total),0.800 (annual %),32.467 (% of total),62.607 (% of total),4.926 (% of total),0.796 (annual %),32.238 (% of total),62.813 (% of total),4.949 (% of total)
"라이베리아",2.453 (annual %),41.125 (% of total),55.622 (% of total),3.253 (% of total),2.427 (annual %),40.753 (% of total),55.961 (% of total),3.286 (% of total),2.407 (annual %),40.372 (% of total),56.309 (% of total),3.318 (% of total)
"리비아",1.476 (annual %),28.319 (% of total),67.289 (% of total),4.392 (% of total),1.470 (annual %),28.068 (% of total),67.473 (% of total),4.458 (% of total),1.375 (annual %),27.785 (% of total),67.689 (% of total),4.526 (% of total)
"리히텐슈타인",0.298 (annual %),-,-,-,0.269 (annual %),-,-,-,0.307 (annual %),-,-,-
"리투아니아",-0.954 (annual %),14.882 (% of total),65.413 (% of total),19.705 (% of total),-0.265 (annual %),15.135 (% of total),64.706 (% of total),20.158 (% of total),0.020 (annual %),15.478 (% of total),63.904 (% of total),20.618 (% of total)
"룩셈부르크",1.929 (annual %),15.879 (% of total),69.938 (% of total),14.183 (% of total),1.963 (annual %),15.707 (% of total),70.018 (% of total),14.275 (% of total),1.960 (annual %),15.558 (% of total),70.052 (% of total),14.391 (% of total)
"마카오",1.444 (annual %),13.654 (% of total),75.862 (% of total),10.484 (% of total),1.386 (annual %),14.019 (% of total),74.769 (% of total),11.212 (% of total),1.379 (annual %),14.354 (% of total),73.674 (% of total),11.971 (% of total)
"북마케도니아",0.046 (annual %),16.517 (% of total),69.813 (% of total),13.670 (% of total),0.024 (annual %),16.394 (% of total),69.521 (% of total),14.085 (% of total),-0.004 (annual %),16.310 (% of total),69.213 (% of total),14.477 (% of total)
"마다가스카르",2.670 (annual %),40.668 (% of total),56.345 (% of total),2.987 (% of total),2.656 (annual %),40.367 (% of total),56.589 (% of total),3.044 (% of total),2.641 (annual %),40.063 (% of total),56.837 (% of total),3.101 (% of total)
"말라위",2.642 (annual %),43.902 (% of total),53.452 (% of total),2.645 (% of total),2.641 (annual %),43.469 (% of total),53.889 (% of total),2.642 (% of total),2.655 (annual %),42.992 (% of total),54.366 (% of total),2.642 (% of total)
"말레이시아",1.352 (annual %),23.995 (% of total),69.333 (% of total),6.672 (% of total),1.329 (annual %),23.695 (% of total),69.384 (% of total),6.921 (% of total),1.294 (annual %),23.448 (% of total),69.368 (% of total),7.184 (% of total)
"몰디브",3.815 (annual %),20.148 (% of total),76.149 (% of total),3.703 (% of total),2.915 (annual %),19.910 (% of total),76.449 (% of total),3.641 (% of total),1.789 (annual %),19.600 (% of total),76.807 (% of total),3.593 (% of total)
"말리",3.008 (annual %),47.543 (% of total),49.949 (% of total),2.507 (% of total),2.996 (annual %),47.305 (% of total),50.200 (% of total),2.495 (% of total),2.971 (annual %),47.007 (% of total),50.516 (% of total),2.477 (% of total)
"몰타",3.492 (annual %),14.277 (% of total),65.374 (% of total),20.349 (% of total),3.931 (annual %),14.329 (% of total),64.854 (% of total),20.817 (% of total),4.124 (annual %),14.374 (% of total),64.302 (% of total),21.324 (% of total)
"마셜제도",0.617 (annual %),-,-,-,0.647 (annual %),-,-,-,0.683 (annual %),-,-,-
"모리타니",2.780 (annual %),40.083 (% of total),56.776 (% of total),3.141 (% of total),2.741 (annual %),39.889 (% of total),56.955 (% of total),3.156 (% of total),2.702 (annual %),39.685 (% of total),57.137 (% of total),3.178 (% of total)
"모리셔스",0.055 (annual %),17.794 (% of total),70.732 (% of total),11.474 (% of total),0.032 (annual %),17.260 (% of total),70.742 (% of total),11.999 (% of total),0.002 (annual %),16.785 (% of total),70.695 (% of total),12.520 (% of total)
"멕시코",1.126 (annual %),26.557 (% of total),66.219 (% of total),7.224 (% of total),1.091 (annual %),26.185 (% of total),66.398 (% of total),7.417 (% of total),1.058 (annual %),25.835 (% of total),66.547 (% of total),7.618 (% of total)
"미크로네시아",1.052 (annual %),31.707 (% of total),64.296 (% of total),3.997 (% of total),1.034 (annual %),31.455 (% of total),64.352 (% of total),4.193 (% of total),1.058 (annual %),31.193 (% of total),64.417 (% of total),4.390 (% of total)
"몰도바",-1.719 (annual %),15.860 (% of total),72.670 (% of total),11.470 (% of total),-1.674 (annual %),15.890 (% of total),72.097 (% of total),12.013 (% of total),-1.721 (annual %),15.888 (% of total),71.619 (% of total),12.493 (% of total)
"모나코",0.753 (annual %),-,-,-,0.734 (annual %),-,-,-,0.708 (annual %),-,-,-
"몽골",1.796 (annual %),30.410 (% of total),65.507 (% of total),4.084 (% of total),1.719 (annual %),30.798 (% of total),65.012 (% of total),4.189 (% of total),1.634 (annual %),31.093 (% of total),64.595 (% of total),4.312 (% of total)
"모로코",1.251 (annual %),27.206 (% of total),65.781 (% of total),7.013 (% of total),1.221 (annual %),26.970 (% of total),65.730 (% of total),7.300 (% of total),1.196 (annual %),26.768 (% of total),65.625 (% of total),7.607 (% of total)
"모잠비크",2.914 (annual %),44.671 (% of total),52.438 (% of total),2.891 (% of total),2.907 (annual %),44.368 (% of total),52.754 (% of total),2.878 (% of total),2.887 (annual %),44.063 (% of total),53.075 (% of total),2.862 (% of total)
"미얀마",0.608 (annual %),26.371 (% of total),67.844 (% of total),5.785 (% of total),0.626 (annual %),25.914 (% of total),68.074 (% of total),6.012 (% of total),0.672 (annual %),25.486 (% of total),68.278 (% of total),6.236 (% of total)
"나미비아",1.883 (annual %),36.910 (% of total),59.454 (% of total),3.636 (% of total),1.870 (annual %),36.906 (% of total),59.486 (% of total),3.608 (% of total),1.843 (annual %),36.841 (% of total),59.573 (% of total),3.586 (% of total)
"네팔",1.662 (annual %),30.414 (% of total),63.858 (% of total),5.728 (% of total),1.809 (annual %),29.570 (% of total),64.647 (% of total),5.783 (% of total),1.829 (annual %),28.810 (% of total),65.362 (% of total),5.828 (% of total)
"네덜란드",0.584 (annual %),16.108 (% of total),64.696 (% of total),19.196 (% of total),0.655 (annual %),15.884 (% of total),64.511 (% of total),19.605 (% of total),0.553 (annual %),15.702 (% of total),64.264 (% of total),20.035 (% of total)
"뉴칼레도니아",0.240 (annual %),22.741 (% of total),68.085 (% of total),9.174 (% of total),0.240 (annual %),22.434 (% of total),68.139 (% of total),9.427 (% of total),0.243 (annual %),22.108 (% of total),68.194 (% of total),9.698 (% of total)
"뉴질랜드",1.791 (annual %),19.653 (% of total),64.694 (% of total),15.652 (% of total),1.593 (annual %),19.567 (% of total),64.439 (% of total),15.994 (% of total),2.087 (annual %),19.431 (% of total),64.201 (% of total),16.368 (% of total)
"니카라과",1.255 (annual %),30.202 (% of total),64.551 (% of total),5.248 (% of total),1.230 (annual %),29.855 (% of total),64.687 (% of total),5.458 (% of total),1.200 (annual %),29.501 (% of total),64.822 (% of total),5.678 (% of total)
"니제르",3.817 (annual %),49.984 (% of total),47.421 (% of total),2.595 (% of total),3.794 (annual %),49.842 (% of total),47.561 (% of total),2.597 (% of total),3.771 (annual %),49.672 (% of total),47.732 (% of total),2.596 (% of total)
"나이지리아",2.587 (annual %),43.867 (% of total),53.386 (% of total),2.747 (% of total),2.565 (annual %),43.688 (% of total),53.569 (% of total),2.743 (% of total),2.543 (annual %),43.488 (% of total),53.774 (% of total),2.738 (% of total)
"북마리아나제도",0.592 (annual %),-,-,-,0.568 (annual %),-,-,-,0.599 (annual %),-,-,-
"노르웨이",0.660 (annual %),17.549 (% of total),65.402 (% of total),17.049 (% of total),0.675 (annual %),17.413 (% of total),65.314 (% of total),17.273 (% of total),0.589 (annual %),17.257 (% of total),65.216 (% of total),17.527 (% of total)
"오만",3.445 (annual %),22.247 (% of total),75.361 (% of total),2.393 (% of total),2.969 (annual %),22.418 (% of total),75.133 (% of total),2.449 (% of total),2.611 (annual %),22.487 (% of total),75.002 (% of total),2.511 (% of total)
"파키스탄",2.058 (annual %),35.270 (% of total),60.417 (% of total),4.313 (% of total),2.023 (annual %),35.054 (% of total),60.623 (% of total),4.322 (% of total),1.978 (annual %),34.820 (% of total),60.832 (% of total),4.349 (% of total)
"팔라우",0.571 (annual %),-,-,-,0.501 (annual %),-,-,-,0.504 (annual %),-,-,-
"파나마",1.693 (annual %),27.062 (% of total),64.833 (% of total),8.105 (% of total),1.652 (annual %),26.779 (% of total),64.907 (% of total),8.314 (% of total),1.596 (annual %),26.495 (% of total),64.966 (% of total),8.539 (% of total)
"파푸아뉴기니",1.975 (annual %),35.816 (% of total),60.739 (% of total),3.445 (% of total),1.954 (annual %),35.486 (% of total),61.005 (% of total),3.509 (% of total),1.929 (annual %),35.146 (% of total),61.282 (% of total),3.572 (% of total)
"파라과이",1.288 (annual %),29.441 (% of total),64.129 (% of total),6.430 (% of total),1.265 (annual %),29.179 (% of total),64.200 (% of total),6.621 (% of total),1.240 (annual %),28.894 (% of total),64.296 (% of total),6.811 (% of total)
"페루",1.718 (annual %),25.791 (% of total),66.121 (% of total),8.088 (% of total),1.616 (annual %),25.255 (% of total),66.352 (% of total),8.393 (% of total),1.409 (annual %),24.692 (% of total),66.583 (% of total),8.725 (% of total)
"필리핀",1.396 (annual %),30.963 (% of total),63.914 (% of total),5.123 (% of total),1.365 (annual %),30.476 (% of total),64.209 (% of total),5.315 (% of total),1.345 (annual %),30.043 (% of total),64.446 (% of total),5.512 (% of total)
"폴란드",-0.000 (annual %),15.052 (% of total),67.430 (% of total),17.518 (% of total),-0.024 (annual %),15.185 (% of total),66.698 (% of total),18.117 (% of total),-0.039 (annual %),15.218 (% of total),66.043 (% of total),18.739 (% of total)
"포르투갈",-0.160 (annual %),13.458 (% of total),64.588 (% of total),21.954 (% of total),0.024 (annual %),13.252 (% of total),64.391 (% of total),22.357 (% of total),0.187 (annual %),13.054 (% of total),64.174 (% of total),22.772 (% of total)
"푸에르토리코",-4.048 (annual %),16.836 (% of total),64.489 (% of total),18.675 (% of total),0.011 (annual %),16.261 (% of total),64.042 (% of total),19.697 (% of total),0.011 (annual %),15.752 (% of total),63.420 (% of total),20.827 (% of total)
"카타르",2.069 (annual %),13.541 (% of total),85.089 (% of total),1.370 (% of total),1.795 (annual %),13.596 (% of total),84.881 (% of total),1.523 (% of total),1.715 (annual %),13.639 (% of total),84.672 (% of total),1.689 (% of total)
"루마니아",-0.587 (annual %),15.535 (% of total),66.127 (% of total),18.339 (% of total),-0.527 (annual %),15.574 (% of total),65.636 (% of total),18.790 (% of total),-0.442 (annual %),15.521 (% of total),65.248 (% of total),19.231 (% of total)
"러시아",-0.013 (annual %),17.914 (% of total),67.411 (% of total),14.675 (% of total),-0.050 (annual %),18.155 (% of total),66.751 (% of total),15.094 (% of total),-0.209 (annual %),18.362 (% of total),66.129 (% of total),15.509 (% of total)
"르완다",2.644 (annual %),39.976 (% of total),57.086 (% of total),2.938 (% of total),2.607 (annual %),39.766 (% of total),57.206 (% of total),3.028 (% of total),2.543 (annual %),39.474 (% of total),57.406 (% of total),3.119 (% of total)
"사모아",0.393 (annual %),38.321 (% of total),56.879 (% of total),4.800 (% of total),0.491 (annual %),37.864 (% of total),57.203 (% of total),4.933 (% of total),0.666 (annual %),37.198 (% of total),57.718 (% of total),5.084 (% of total)
"산마리노",0.335 (annual %),-,-,-,0.237 (annual %),-,-,-,0.218 (annual %),-,-,-
"상투메프린시페",1.888 (annual %),42.520 (% of total),54.554 (% of total),2.926 (% of total),1.885 (annual %),42.147 (% of total),54.893 (% of total),2.960 (% of total),1.895 (annual %),41.758 (% of total),55.234 (% of total),3.008 (% of total)
"사우디아라비아",1.801 (annual %),25.043 (% of total),71.643 (% of total),3.314 (% of total),1.665 (annual %),24.866 (% of total),71.721 (% of total),3.413 (% of total),1.579 (annual %),24.696 (% of total),71.805 (% of total),3.498 (% of total)
"세네갈",2.782 (annual %),43.055 (% of total),53.858 (% of total),3.087 (% of total),2.750 (annual %),42.840 (% of total),54.062 (% of total),3.098 (% of total),2.709 (annual %),42.592 (% of total),54.300 (% of total),3.108 (% of total)
"세이셸",0.954 (annual %),23.635 (% of total),68.770 (% of total),7.595 (% of total),0.888 (annual %),23.739 (% of total),68.456 (% of total),7.805 (% of total),0.854 (annual %),23.767 (% of total),68.167 (% of total),8.066 (% of total)
"시에라리온",2.137 (annual %),41.060 (% of total),55.974 (% of total),2.967 (% of total),2.109 (annual %),40.724 (% of total),56.328 (% of total),2.948 (% of total),2.075 (annual %),40.344 (% of total),56.729 (% of total),2.927 (% of total)
"싱가포르",0.470 (annual %),12.278 (% of total),76.258 (% of total),11.463 (% of total),1.144 (annual %),12.332 (% of total),75.275 (% of total),12.393 (% of total),-0.312 (annual %),12.301 (% of total),74.347 (% of total),13.352 (% of total)
"슬로바키아",0.139 (annual %),15.446 (% of total),68.925 (% of total),15.629 (% of total),0.135 (annual %),15.528 (% of total),68.300 (% of total),16.172 (% of total),0.086 (annual %),15.554 (% of total),67.747 (% of total),16.699 (% of total)
"슬로베니아",0.363 (annual %),15.022 (% of total),65.371 (% of total),19.607 (% of total),0.696 (annual %),15.106 (% of total),64.708 (% of total),20.186 (% of total),0.561 (annual %),15.136 (% of total),64.126 (% of total),20.738 (% of total)
"솔로몬제도",2.611 (annual %),40.242 (% of total),56.159 (% of total),3.599 (% of total),2.565 (annual %),40.131 (% of total),56.238 (% of total),3.631 (% of total),2.515 (annual %),40.030 (% of total),56.299 (% of total),3.671 (% of total)
"소말리아",2.832 (annual %),46.577 (% of total),50.550 (% of total),2.873 (% of total),2.855 (annual %),46.380 (% of total),50.731 (% of total),2.889 (% of total),2.874 (annual %),46.150 (% of total),50.948 (% of total),2.902 (% of total)
"남아프리카공화국",1.364 (annual %),29.079 (% of total),65.603 (% of total),5.318 (% of total),1.316 (annual %),28.968 (% of total),65.616 (% of total),5.415 (% of total),1.273 (annual %),28.801 (% of total),65.689 (% of total),5.509 (% of total)
"스페인",0.438 (annual %),14.667 (% of total),65.954 (% of total),19.379 (% of total),0.715 (annual %),14.577 (% of total),65.775 (% of total),19.648 (% of total),0.462 (annual %),14.399 (% of total),65.623 (% of total),19.978 (% of total)
"스리랑카",1.048 (annual %),24.197 (% of total),65.330 (% of total),10.473 (% of total),0.612 (annual %),23.956 (% of total),65.205 (% of total),10.839 (% of total),0.531 (annual %),23.685 (% of total),65.082 (% of total),11.233 (% of total)
"세인트키츠네비스",0.770 (annual %),-,-,-,0.752 (annual %),-,-,-,0.675 (annual %),-,-,-
"세인트루시아",0.515 (annual %),18.529 (% of total),71.665 (% of total),9.807 (% of total),0.496 (annual %),18.211 (% of total),71.754 (% of total),10.035 (% of total),0.455 (annual %),17.953 (% of total),71.751 (% of total),10.296 (% of total)
"세인트빈센트그레나딘",0.349 (annual %),22.541 (% of total),67.869 (% of total),9.590 (% of total),0.347 (annual %),22.194 (% of total),68.066 (% of total),9.741 (% of total),0.320 (annual %),21.902 (% of total),68.188 (% of total),9.910 (% of total)
"수단",2.392 (annual %),40.509 (% of total),55.910 (% of total),3.581 (% of total),2.391 (annual %),40.156 (% of total),56.217 (% of total),3.627 (% of total),2.391 (annual %),39.799 (% of total),56.527 (% of total),3.674 (% of total)
"수리남",0.957 (annual %),27.170 (% of total),65.923 (% of total),6.906 (% of total),0.929 (annual %),26.912 (% of total),66.073 (% of total),7.015 (% of total),0.903 (annual %),26.665 (% of total),66.200 (% of total),7.135 (% of total)
"에스와티니",1.014 (annual %),38.112 (% of total),57.873 (% of total),4.015 (% of total),1.038 (annual %),37.831 (% of total),58.154 (% of total),4.015 (% of total),1.042 (annual %),37.443 (% of total),58.545 (% of total),4.012 (% of total)
"스웨덴",1.162 (annual %),17.582 (% of total),62.323 (% of total),20.096 (% of total),1.014 (annual %),17.625 (% of total),62.176 (% of total),20.199 (% of total),0.723 (annual %),17.624 (% of total),62.048 (% of total),20.329 (% of total)
"스위스",0.737 (annual %),14.911 (% of total),66.466 (% of total),18.623 (% of total),0.713 (annual %),14.941 (% of total),66.221 (% of total),18.838 (% of total),0.716 (annual %),14.959 (% of total),65.944 (% of total),19.098 (% of total)
"시리아",-0.885 (annual %),31.422 (% of total),64.075 (% of total),4.503 (% of total),0.735 (annual %),31.058 (% of total),64.250 (% of total),4.692 (% of total),2.491 (annual %),30.775 (% of total),64.351 (% of total),4.874 (% of total)
"타지키스탄",2.454 (annual %),36.784 (% of total),60.194 (% of total),3.022 (% of total),2.390 (annual %),37.071 (% of total),59.843 (% of total),3.086 (% of total),2.297 (annual %),37.270 (% of total),59.550 (% of total),3.180 (% of total)
"탄자니아",2.979 (annual %),44.098 (% of total),53.300 (% of total),2.601 (% of total),2.960 (annual %),43.844 (% of total),53.536 (% of total),2.621 (% of total),2.937 (annual %),43.554 (% of total),53.802 (% of total),2.644 (% of total)
"태국",0.315 (annual %),17.087 (% of total),71.012 (% of total),11.901 (% of total),0.284 (annual %),16.824 (% of total),70.770 (% of total),12.406 (% of total),0.250 (annual %),16.553 (% of total),70.490 (% of total),12.958 (% of total)
"동티모르",1.968 (annual %),37.781 (% of total),57.903 (% of total),4.316 (% of total),1.964 (annual %),37.292 (% of total),58.421 (% of total),4.287 (% of total),1.939 (annual %),36.832 (% of total),58.885 (% of total),4.283 (% of total)
"토고",2.446 (annual %),41.335 (% of total),55.796 (% of total),2.869 (% of total),2.420 (annual %),40.998 (% of total),56.114 (% of total),2.887 (% of total),2.401 (annual %),40.636 (% of total),56.459 (% of total),2.905 (% of total)
"통가",1.167 (annual %),35.416 (% of total),58.631 (% of total),5.954 (% of total),1.250 (annual %),35.073 (% of total),58.985 (% of total),5.942 (% of total),1.142 (annual %),34.765 (% of total),59.315 (% of total),5.920 (% of total)
"트리니다드토바고",0.417 (annual %),20.420 (% of total),68.845 (% of total),10.735 (% of total),0.368 (annual %),20.261 (% of total),68.621 (% of total),11.118 (% of total),0.324 (annual %),20.062 (% of total),68.423 (% of total),11.515 (% of total)
"튀니지",1.146 (annual %),24.170 (% of total),67.514 (% of total),8.316 (% of total),1.114 (annual %),24.226 (% of total),67.180 (% of total),8.593 (% of total),1.054 (annual %),24.291 (% of total),66.836 (% of total),8.873 (% of total)
"터키",1.497 (annual %),24.649 (% of total),66.867 (% of total),8.483 (% of total),1.315 (annual %),24.291 (% of total),66.983 (% of total),8.726 (% of total),1.084 (annual %),23.942 (% of total),67.077 (% of total),8.981 (% of total)
"투르크메니스탄",1.606 (annual %),30.822 (% of total),64.751 (% of total),4.427 (% of total),1.547 (annual %),30.758 (% of total),64.649 (% of total),4.592 (% of total),1.488 (annual %),30.792 (% of total),64.440 (% of total),4.768 (% of total)
"우간다",3.725 (annual %),46.931 (% of total),51.128 (% of total),1.941 (% of total),3.542 (annual %),46.500 (% of total),51.537 (% of total),1.963 (% of total),3.270 (annual %),46.016 (% of total),51.998 (% of total),1.986 (% of total)
"우크라이나",-0.466 (annual %),15.812 (% of total),67.753 (% of total),16.435 (% of total),-0.531 (annual %),15.940 (% of total),67.355 (% of total),16.705 (% of total),-0.568 (annual %),15.991 (% of total),67.060 (% of total),16.949 (% of total)
"아랍에미리트",1.504 (annual %),14.604 (% of total),84.311 (% of total),1.085 (% of total),1.439 (annual %),14.713 (% of total),84.131 (% of total),1.157 (% of total),1.219 (annual %),14.814 (% of total),83.922 (% of total),1.264 (% of total)
"영국",0.606 (annual %),17.678 (% of total),63.926 (% of total),18.396 (% of total),0.564 (annual %),17.696 (% of total),63.796 (% of total),18.509 (% of total),0.565 (annual %),17.677 (% of total),63.669 (% of total),18.653 (% of total)
"미국",0.526 (annual %),18.709 (% of total),65.483 (% of total),15.808 (% of total),0.455 (annual %),18.549 (% of total),65.241 (% of total),16.210 (% of total),0.351 (annual %),18.372 (% of total),64.997 (% of total),16.631 (% of total)
"우루과이",0.367 (annual %),20.608 (% of total),64.578 (% of total),14.815 (% of total),0.360 (annual %),20.458 (% of total),64.601 (% of total),14.941 (% of total),0.346 (annual %),20.335 (% of total),64.577 (% of total),15.088 (% of total)
"우즈베키스탄",1.737 (annual %),28.686 (% of total),66.895 (% of total),4.419 (% of total),1.876 (annual %),28.798 (% of total),66.607 (% of total),4.595 (% of total),1.922 (annual %),28.800 (% of total),66.411 (% of total),4.789 (% of total)
"바누아투",2.482 (annual %),38.848 (% of total),57.512 (% of total),3.640 (% of total),2.433 (annual %),38.711 (% of total),57.673 (% of total),3.616 (% of total),2.395 (annual %),38.410 (% of total),57.981 (% of total),3.609 (% of total)
"베네수엘라",-1.768 (annual %),27.667 (% of total),65.066 (% of total),7.267 (% of total),-1.294 (annual %),27.404 (% of total),64.985 (% of total),7.611 (% of total),-0.281 (annual %),27.263 (% of total),64.765 (% of total),7.973 (% of total)
"베트남",0.994 (annual %),23.173 (% of total),69.552 (% of total),7.275 (% of total),0.954 (annual %),23.214 (% of total),69.233 (% of total),7.554 (% of total),0.905 (annual %),23.194 (% of total),68.940 (% of total),7.866 (% of total)
"예멘",2.357 (annual %),39.615 (% of total),57.509 (% of total),2.876 (% of total),2.301 (annual %),39.223 (% of total),57.874 (% of total),2.902 (% of total),2.252 (annual %),38.832 (% of total),58.237 (% of total),2.931 (% of total)
"잠비아",2.913 (annual %),44.936 (% of total),52.964 (% of total),2.100 (% of total),2.893 (annual %),44.463 (% of total),53.422 (% of total),2.115 (% of total),2.886 (annual %),44.017 (% of total),53.851 (% of total),2.132 (% of total)
"짐바브웨",1.410 (annual %),42.401 (% of total),54.659 (% of total),2.940 (% of total),1.421 (annual %),42.158 (% of total),54.861 (% of total),2.981 (% of total),1.474 (annual %),41.911 (% of total),55.075 (% of total),3.014 (% of total)
"지브롤터",-0.024 (annual %),-,-,-,-0.027 (annual %),-,-,-,-0.045 (annual %),-,-,-
"맨섬",0.552 (annual %),-,-,-,0.612 (annual %),-,-,-,0.522 (annual %),-,-,-
"코소보",0.339 (annual %),-,-,-,-0.458 (annual %),-,-,-,-0.758 (annual %),-,-,-
"몬테네그로",-0.023 (annual %),18.210 (% of total),66.816 (% of total),14.975 (% of total),-0.032 (annual %),18.150 (% of total),66.461 (% of total),15.389 (% of total),-0.050 (annual %),18.045 (% of total),66.186 (% of total),15.770 (% of total)
"세르비아",-0.546 (annual %),15.690 (% of total),65.965 (% of total),18.346 (% of total),-0.537 (annual %),15.541 (% of total),65.719 (% of total),18.741 (% of total),-0.534 (annual %),15.367 (% of total),65.574 (% of total),19.059 (% of total)
"터크스케이커스제도",1.474 (annual %),-,-,-,1.389 (annual %),-,-,-,1.363 (annual %),-,-,-
"투발루",1.224 (annual %),-,-,-,1.295 (annual %),-,-,-,1.169 (annual %),-,-,-
"미국령버진아일랜드",-0.261 (annual %),19.713 (% of total),60.998 (% of total),19.288 (% of total),-0.311 (annual %),19.494 (% of total),60.631 (% of total),19.875 (% of total),-0.356 (annual %),19.256 (% of total),60.248 (% of total),20.496 (% of total)
"세계",1.106 (annual %),25.796 (% of total),65.331 (% of total),8.873 (% of total),1.065 (annual %),25.649 (% of total),65.252 (% of total),9.099 (% of total),1.036 (annual %),25.491 (% of total),65.191 (% of total),9.318 (% of total)
